{
   "total energy":         -31.62903634,
   "HOMO-LUMO gap / eV":          13.20475963,
   "electronic energy":         -32.09812878,
   "dipole / a.u.": [     0.00084616,     0.00063398,    -0.00031772],
   "partial charges": [
        0.02826512,
        0.02712848,
        0.02572101,
        0.02818968,
        0.02981597,
        0.02983460,
        0.02622263,
        0.02643206,
        0.02712261,
        0.03187134,
       -0.05503997,
       -0.05713068,
       -0.05569389,
       -0.05710053,
       -0.05563867,
        0.02712543,
        0.02823035,
        0.02982720,
        0.02624748,
        0.02571141,
        0.03183368,
        0.02625781,
        0.02983924,
        0.02712622,
        0.02821005,
       -0.05710477,
       -0.05712001,
       -0.05490038,
       -0.05568065,
       -0.05560282],
   "atomic dipole moments": [
   [     0.06766076,    -0.06373467,     0.08375303],
   [    -0.09745513,    -0.07254430,    -0.03681571],
   [     0.04289730,     0.06354255,    -0.10183210],
   [     0.04080666,     0.00914986,     0.11791953],
   [    -0.06873272,     0.00477082,    -0.10303028],
   [    -0.07862626,     0.03162932,    -0.09043548],
   [     0.02744025,     0.10323702,     0.06950663],
   [     0.09575798,    -0.08223743,    -0.01743505],
   [    -0.12675262,     0.00698567,     0.00046486],
   [     0.08976563,    -0.00705985,     0.08558227],
   [    -0.10189253,    -0.04072238,     0.00720983],
   [     0.02032483,     0.10479328,    -0.03505416],
   [     0.03879552,    -0.10076754,     0.02067693],
   [     0.06429712,    -0.01436554,    -0.09094969],
   [    -0.01862387,     0.05491448,     0.09366764],
   [     0.10628469,    -0.06942982,    -0.00046517],
   [    -0.03992051,     0.01247938,    -0.11793126],
   [     0.05227547,    -0.06670913,     0.09043592],
   [    -0.07536559,    -0.07566976,    -0.06949381],
   [    -0.06888477,    -0.03356646,     0.10179390],
   [    -0.07421895,     0.05098464,    -0.08559092],
   [    -0.04181513,     0.11911535,     0.01744401],
   [     0.05713763,    -0.03849975,     0.10302706],
   [     0.12067708,     0.01409673,     0.03681682],
   [    -0.02672912,     0.08902867,    -0.08376210],
   [    -0.07000407,    -0.08048580,     0.03507199],
   [    -0.04840730,     0.04469934,     0.09093190],
   [     0.10874691,    -0.01545061,    -0.00720384],
   [    -0.01126822,    -0.05661819,    -0.09361268],
   [     0.01689459,     0.10675139,    -0.02070431]],
   "atomic quadrupole moments": [
   [    -0.00504764,    -0.03359529,    -0.01981445,     0.02710633,    -0.00926001,     0.02486210],
   [     0.02937183,     0.02977579,    -0.01378136,     0.02052431,     0.01629770,    -0.01559046],
   [    -0.01769005,     0.01561709,    -0.01545143,    -0.01578218,    -0.04009420,     0.03314148],
   [    -0.02819387,    -0.00524157,    -0.00318251,     0.03927558,     0.00160313,     0.03137638],
   [     0.00544288,     0.01289764,    -0.02585404,     0.03958274,    -0.01584507,     0.02041116],
   [     0.02012569,    -0.00418426,    -0.04133031,     0.02993251,    -0.01863752,     0.02120463],
   [    -0.03068422,     0.01547690,     0.02330914,     0.01908680,     0.03654973,     0.00737509],
   [     0.01910734,    -0.04808746,     0.00142557,    -0.00164076,     0.00167769,    -0.02053291],
   [     0.05246780,    -0.00006270,    -0.02200021,     0.01167499,    -0.00149585,    -0.03046759],
   [     0.00744972,    -0.01358535,    -0.02041094,     0.04541322,     0.00441559,     0.01296123],
   [     0.03063952,    -0.01266281,     0.13458722,    -0.10719697,     0.13236908,    -0.16522675],
   [    -0.09557816,    -0.02588759,     0.06062956,    -0.21010909,     0.04386055,     0.03494861],
   [     0.05066470,    -0.02445303,     0.02578615,    -0.20703260,    -0.06912140,    -0.07645086],
   [    -0.13693701,     0.00419718,     0.20235532,    -0.14431943,    -0.03009536,    -0.06541831],
   [    -0.08979108,     0.15126125,     0.10714804,    -0.14092948,     0.01299325,    -0.01735695],
   [     0.03379538,    -0.03226984,    -0.00332899,     0.00935847,    -0.00713432,    -0.03046638],
   [    -0.02647776,     0.00821149,    -0.00488968,     0.03480244,    -0.01825263,     0.03136744],
   [     0.00114386,    -0.02870310,    -0.02234595,     0.01661403,    -0.03109587,     0.02120209],
   [    -0.00378266,     0.03113838,    -0.00358876,     0.03482495,     0.02212761,     0.00737142],
   [    -0.00360171,     0.00879321,    -0.02956336,    -0.03377144,    -0.02685233,     0.03316507],
   [    -0.01130732,    -0.01889417,    -0.00164819,     0.04150647,    -0.01890121,     0.01295551],
   [    -0.02694515,    -0.03168653,     0.04747242,    -0.00057438,     0.00225425,    -0.02052727],
   [     0.00879124,    -0.00709907,    -0.02920782,     0.02636357,    -0.03351292,     0.02041658],
   [     0.04436022,    -0.00379703,    -0.02877347,     0.02591899,     0.00385390,    -0.01558675],
   [    -0.03782989,    -0.02319023,     0.01297880,     0.01884402,    -0.02156027,     0.02485109],
   [    -0.07892834,     0.05468230,     0.04395975,    -0.16005459,     0.14300009,     0.03496859],
   [    -0.04850156,     0.14901546,     0.11396452,    -0.14001415,     0.04615216,    -0.06546296],
   [     0.04568392,     0.03873388,     0.11955267,    -0.02669687,     0.16819272,    -0.16523658],
   [     0.09038628,     0.16080326,    -0.07303059,    -0.11557685,     0.08169134,    -0.01735569],
   [     0.02329712,    -0.02302338,     0.05316976,    -0.21387522,     0.04368505,    -0.07646688]],
   "number of molecular orbitals": 60,
   "number of electrons": 60,
   "number of unpaired electrons": 0,
   "orbital energies / eV": [
      -17.19414254,
      -17.19169922,
      -16.23112802,
      -16.22865867,
      -16.22803617,
      -16.22525949,
      -15.02359579,
      -15.02005104,
      -14.90821230,
      -14.90578134,
      -14.17711826,
      -14.17448440,
      -14.06271442,
      -14.05979839,
      -13.13997335,
      -13.13640315,
      -13.11651580,
      -13.11395175,
      -11.99227869,
      -11.98960409,
      -11.91666238,
      -11.91411858,
      -11.87079690,
      -11.86806540,
      -11.86772869,
      -11.86466434,
      -11.46071691,
      -11.45516605,
      -11.27405826,
      -11.27197264,
        1.93278699,
        1.93521373,
        1.93798464,
        1.94068124,
        2.47834453,
        2.48175290,
        3.61364567,
        3.61610623,
        3.64102163,
        3.65124561,
        3.91488747,
        3.92967261,
        4.78811175,
        4.79078839,
        5.00493589,
        5.06817050,
        5.17296814,
        5.17539292,
        5.71045297,
        5.71599333,
        5.79637112,
        5.79913358,
        7.70830383,
        7.71385274,
        8.01145073,
        8.01376671,
        8.59221482,
        8.60794978,
        9.57793600,
        9.58012272],