{
   "total energy":         -31.58892741,
   "HOMO-LUMO gap / eV":          11.79996931,
   "electronic energy":         -32.03076157,
   "dipole / a.u.": [    -0.05443160,     0.07135865,    -0.02552660],
   "partial charges": [
        0.04477523,
        0.02245569,
        0.02727126,
        0.02150844,
        0.02506508,
        0.03254397,
        0.05911439,
        0.02432186,
        0.02112408,
        0.02368479,
        0.04409219,
        0.02541295,
        0.02682715,
        0.02819925,
        0.02362087,
        0.02483482,
        0.02857841,
        0.02770921,
        0.02734560,
        0.02544498,
       -0.05368492,
       -0.05248199,
       -0.05441855,
       -0.07108506,
       -0.05317184,
       -0.08468180,
       -0.05403650,
       -0.05264281,
       -0.05131671,
       -0.05641002],
   "atomic dipole moments": [
   [     0.08362388,     0.03279044,     0.08525175],
   [     0.02722605,    -0.06601514,     0.10962278],
   [    -0.05379436,    -0.08596567,    -0.07549072],
   [    -0.12220527,    -0.03374563,     0.02797391],
   [     0.03694484,     0.06823353,     0.09948979],
   [    -0.08539652,    -0.03228940,    -0.09160274],
   [    -0.05261871,     0.12813271,    -0.00849094],
   [     0.00645268,    -0.02403992,    -0.12549493],
   [     0.07232726,     0.10586341,     0.01721415],
   [     0.07110855,    -0.08528993,    -0.06890503],
   [     0.08721822,    -0.09471274,    -0.05040474],
   [     0.08110569,     0.04542550,     0.08633153],
   [    -0.07728446,    -0.04330514,    -0.08987879],
   [    -0.05452219,    -0.08597751,    -0.07572802],
   [     0.07220489,     0.10636838,     0.01724634],
   [    -0.12405959,    -0.03328941,     0.02786650],
   [     0.03687113,     0.06857441,     0.09970055],
   [     0.00618323,    -0.02409535,    -0.12603016],
   [     0.02813870,    -0.06612249,     0.10907264],
   [    -0.03243510,     0.12662595,     0.01248900],
   [    -0.10461055,     0.02623003,    -0.01755203],
   [     0.02428381,     0.10458992,    -0.01642664],
   [     0.08274964,    -0.05172029,     0.05560111],
   [    -0.08027889,     0.00338355,     0.01335480],
   [     0.05183375,    -0.02771918,    -0.09277565],
   [     0.06356517,    -0.04593430,     0.03741348],
   [    -0.05148674,    -0.06310208,     0.07503698],
   [     0.02159921,     0.10753904,    -0.01673623],
   [     0.05250930,    -0.03249413,    -0.08660335],
   [    -0.05738247,    -0.06138738,     0.07570661]],
   "atomic quadrupole moments": [
   [    -0.03398443,     0.00418891,     0.04071713,     0.02672376,     0.01002310,    -0.00673270],
   [    -0.02453517,    -0.00271542,    -0.01548258,     0.02815763,    -0.02446951,     0.04001774],
   [     0.00198983,     0.01680910,    -0.01012467,     0.01768786,     0.04169237,     0.00813485],
   [     0.04707470,     0.03196019,    -0.02587039,    -0.00191172,     0.00504147,    -0.02120432],
   [    -0.02320089,     0.01370722,     0.01006495,     0.03388130,     0.02612816,     0.01313594],
   [     0.00096944,     0.00289531,    -0.00020593,     0.01276545,     0.02195345,    -0.00076351],
   [    -0.00064508,     0.00166773,    -0.00043132,     0.04683395,     0.01190980,     0.00107639],
   [    -0.01256208,    -0.00702557,    -0.02505625,     0.01035632,     0.03147459,     0.03761832],
   [    -0.00193266,     0.02125908,     0.02641822,     0.02349779,     0.01526828,    -0.02448556],
   [    -0.01952795,    -0.02084353,     0.00800244,    -0.01620824,     0.03636716,     0.01152551],
   [    -0.02029083,    -0.02814100,    -0.02082271,     0.02596991,     0.01644311,     0.04111353],
   [    -0.02211507,     0.02987832,     0.00450286,     0.03109911,     0.01018284,     0.01761221],
   [     0.00604190,     0.02912797,    -0.02621555,     0.01259980,     0.02873623,     0.02017366],
   [     0.00153178,     0.01672723,    -0.00972191,     0.01724231,     0.04152929,     0.00819014],
   [    -0.00153013,     0.02120725,     0.02621260,     0.02344154,     0.01525315,    -0.02468247],
   [     0.04674026,     0.02998317,    -0.02487639,    -0.00138851,     0.00479118,    -0.02186387],
   [    -0.02336292,     0.01355212,     0.01029424,     0.03412546,     0.02565667,     0.01306867],
   [    -0.01192519,    -0.00741081,    -0.02504744,     0.00992936,     0.03141699,     0.03697263],
   [    -0.02105150,    -0.00240933,    -0.01812611,     0.02491079,    -0.02178749,     0.03917761],
   [    -0.02391160,    -0.00110272,     0.04932049,    -0.00014122,     0.02059917,    -0.02540889],
   [     0.04390147,     0.01850044,     0.02330931,    -0.06579890,    -0.19887499,    -0.06721078],
   [     0.11978885,    -0.06141731,     0.03403661,    -0.14526688,    -0.03449118,    -0.15382546],
   [     0.07308183,    -0.03397132,    -0.11935042,    -0.12136517,    -0.14630158,     0.04626859],
   [     0.07770362,    -0.06940316,     0.02977495,     0.02107713,    -0.24870882,    -0.10747857],
   [    -0.08552681,    -0.15068223,     0.07235263,    -0.05782446,    -0.11977186,     0.01317418],
   [     0.08791191,    -0.13199200,    -0.10150162,    -0.06933536,    -0.20492266,     0.01358971],
   [     0.12318939,    -0.12925256,    -0.03390456,    -0.02633992,    -0.14076512,    -0.08928483],
   [     0.12560694,    -0.06712541,     0.03389127,    -0.14618430,    -0.03296838,    -0.15949821],
   [    -0.08049320,    -0.15257993,     0.07329715,    -0.05627510,    -0.11838146,     0.00719605],
   [     0.12891160,    -0.13317333,    -0.03459394,    -0.02581436,    -0.14237687,    -0.09431766]],
   "number of molecular orbitals": 60,
   "number of electrons": 60,
   "number of unpaired electrons": 0,
   "orbital energies / eV": [
      -17.18943087,
      -17.06527776,
      -16.41172703,
      -16.21740836,
      -16.12217072,
      -16.04689171,
      -15.22909650,
      -15.00047262,
      -14.90979175,
      -14.67371945,
      -14.24613225,
      -14.18204888,
      -14.04172355,
      -13.76002061,
      -13.35335021,
      -13.11095337,
      -13.02521678,
      -12.84349563,
      -12.32029018,
      -12.00648030,
      -11.97934685,
      -11.94883277,
      -11.89924998,
      -11.84907486,
      -11.81172174,
      -11.62126954,
      -11.36188089,
      -11.28718795,
      -11.09325184,
      -10.74177407,
        1.05819524,
        1.73444332,
        1.75222776,
        1.89117395,
        1.98452058,
        2.26907035,
        2.41604900,
        3.10549342,
        3.24559764,
        3.43385292,
        3.59476962,
        3.93450800,
        4.21467476,
        4.46103770,
        4.54773364,
        4.62821920,
        4.78227149,
        4.87864130,
        5.04323747,
        5.57171765,
        6.03235826,
        7.00119254,
        7.20043207,
        7.62689899,
        7.72042995,
        8.08844016,
        8.26238371,
        8.67593101,
        9.44620218,
       12.12651513],