{
   "total energy":         -41.55271142,
   "HOMO-LUMO gap / eV":           4.99224790,
   "electronic energy":         -41.94117172,
   "dipole / a.u.": [    -0.19003431,    -0.05080767,     0.18883662],
   "partial charges": [
        0.35754359,
       -0.08597001,
       -0.38678240,
       -0.09784546,
       -0.26978718,
        0.06342533,
        0.04440260,
        0.06491427,
        0.03772689,
        0.05162622,
        0.03561616,
        0.05678126,
        0.06495979,
        0.06338892,
        0.35367685,
       -0.08466707,
       -0.25559728,
       -0.09826505,
       -0.39853030,
        0.06721965,
        0.05935097,
        0.04755562,
        0.04324303,
        0.06505037,
        0.03594297,
        0.06092021,
        0.04934555,
        0.05475448],
   "atomic dipole moments": [
   [    -0.02121836,     0.07583393,     0.14963194],
   [     0.00261070,    -0.08685999,     0.03671008],
   [     0.00073004,     0.18174733,    -0.03586502],
   [    -0.01351789,     0.08499973,     0.10085027],
   [     0.00047266,    -0.21594560,     0.05816551],
   [    -0.11546355,    -0.08328518,     0.02520615],
   [     0.11118412,    -0.07831802,    -0.00669396],
   [    -0.11388088,     0.07586443,    -0.01133773],
   [     0.01760939,     0.05501405,    -0.11780478],
   [    -0.10669562,    -0.08467190,     0.00117205],
   [    -0.01925979,     0.07873568,    -0.26544412],
   [     0.11816347,    -0.06629378,     0.02376425],
   [     0.11759429,     0.08039734,    -0.01768289],
   [     0.02351651,     0.10177445,     0.08968932],
   [    -0.00583993,    -0.08772890,     0.15478767],
   [     0.01036159,     0.09321724,     0.03489885],
   [     0.04394261,     0.21748873,     0.06482211],
   [    -0.01215953,    -0.08788290,     0.07948641],
   [    -0.03619904,    -0.17543601,    -0.03508998],
   [    -0.04093262,    -0.08532942,     0.09314558],
   [     0.09964553,    -0.10162638,    -0.01337361],
   [    -0.09002485,     0.10014676,     0.00732791],
   [    -0.02990431,    -0.05422414,    -0.11943660],
   [    -0.12654402,    -0.05580763,    -0.01304921],
   [    -0.00725691,    -0.09837828,    -0.27093953],
   [     0.12172604,     0.06338475,     0.02279154],
   [     0.12835363,     0.05904740,     0.01756566],
   [    -0.08873694,     0.09511806,     0.02736234]],
   "atomic quadrupole moments": [
   [     0.47887347,     0.00540380,    -0.30079079,     0.00504161,     0.17870534,    -0.17808267],
   [    -0.26051497,    -0.00899854,     0.03198018,     0.00990033,     0.02897462,     0.22853479],
   [     0.20668226,     0.01011846,    -0.09837871,    -0.00308610,     0.00660179,    -0.10830355],
   [    -0.13710321,    -0.01020863,     0.04249480,     0.01817822,     0.16648381,     0.09460841],
   [    -0.08027632,    -0.00298700,    -0.00739316,     0.00260526,    -0.02316732,     0.08766948],
   [     0.02438683,     0.03148301,    -0.02586089,     0.00273515,    -0.01024825,     0.00147406],
   [     0.03306557,    -0.04553733,    -0.00397594,     0.03112680,    -0.00845250,    -0.02908963],
   [     0.01861473,    -0.04606041,    -0.00699825,     0.01604912,     0.01143568,    -0.01161648],
   [    -0.05169120,    -0.00418082,     0.00639268,     0.00904611,    -0.04806580,     0.04529853],
   [     0.04413460,     0.04422722,    -0.01221265,    -0.01965449,     0.00248328,    -0.03192196],
   [    -0.30267313,    -0.02791110,    -0.16769577,    -0.00635963,    -0.21504655,     0.47036890],
   [     0.01062046,    -0.04554745,    -0.00679145,    -0.00837911,    -0.00863590,    -0.00382902],
   [     0.01748552,     0.03755438,    -0.00963807,    -0.00867675,     0.01851646,    -0.00784745],
   [    -0.04841397,    -0.01132199,     0.04306056,    -0.00927023,     0.03936608,     0.00535342],
   [     0.45312777,    -0.14788124,    -0.25918806,    -0.04001611,    -0.17075116,    -0.19393971],
   [    -0.24068232,     0.05750442,     0.03278749,    -0.00673953,    -0.02459059,     0.20789483],
   [    -0.07034971,     0.01211278,    -0.00763069,     0.00545166,     0.02887675,     0.07798040],
   [    -0.13391266,     0.02656172,     0.04962135,    -0.05953033,    -0.18098528,     0.08429131],
   [     0.19647279,    -0.05369661,    -0.08454150,    -0.00061533,    -0.00492841,    -0.11193129],
   [    -0.05184011,     0.01417461,     0.05349320,    -0.00160863,    -0.04576211,    -0.00165308],
   [    -0.00044727,    -0.03892240,     0.00848143,    -0.01623019,    -0.01191041,    -0.00803415],
   [     0.01080922,    -0.05108063,     0.01831333,    -0.02068314,     0.00773273,    -0.02912256],
   [    -0.04865846,     0.00583675,     0.00106296,     0.00002017,     0.04455640,     0.04759550],
   [     0.03756980,     0.03309791,    -0.02650783,     0.00946347,    -0.01683998,    -0.01106197],
   [    -0.28503604,    -0.00090604,    -0.17257741,     0.05621959,     0.19934033,     0.45761345],
   [     0.04621243,     0.01668191,    -0.04624695,     0.00191990,     0.01148480,     0.00003451],
   [     0.05111298,     0.02383823,    -0.02310489,     0.00618723,    -0.01357914,    -0.02800808],
   [     0.00344307,    -0.05071985,     0.00457301,     0.01056268,     0.00284702,    -0.00801608]],
   "number of molecular orbitals": 64,
   "number of electrons": 72,
   "number of unpaired electrons": 0,
   "orbital energies / eV": [
      -20.28843550,
      -20.22644395,
      -19.56477844,
      -19.45702540,
      -18.36659322,
      -18.29764342,
      -17.09448821,
      -17.06661777,
      -16.61578012,
      -16.58458511,
      -16.01856220,
      -15.99821357,
      -15.93246259,
      -15.91359228,
      -15.38528859,
      -15.34450377,
      -15.06490648,
      -15.04667330,
      -14.22107128,
      -14.16693340,
      -13.86701153,
      -13.84824946,
      -13.55034000,
      -13.47710793,
      -13.07901097,
      -13.07104866,
      -12.89807026,
      -12.89357798,
      -12.55454674,
      -12.52938935,
      -12.34775147,
      -12.29618410,
      -12.12293090,
      -12.07893168,
      -11.33666346,
      -11.30031998,
       -6.30807208,
       -6.26763378,
       -0.11664864,
       -0.04024204,
        2.18303389,
        2.37260909,
        2.41618591,
        2.51865297,
        2.56737919,
        2.74400154,
        3.01527508,
        3.08632690,
        3.34136714,
        3.45302583,
        3.55413169,
        3.67506031,
        3.84510877,
        4.17494769,
        4.50352857,
        4.74055861,
        5.61382272,
        5.73041394,
        6.45682972,
        6.49911385,
        6.79956066,
        7.03235097,
       17.30186926,
       18.54964712],
   "fractional occupation": [
        2.00000000,
        2.00000000,
        2.00000000,
        2.00000000,
        2.00000000,
        2.00000000,
        2.00000000,
        2.00000000,
        2.00000000,
        2.00000000,
        2.00000000,
        2.00000000,
        2.00000000,
        2.00000000,
        2.00000000,
        2.00000000,
        2.00000000,
        2.00000000,
        2.00000000,
        2.00000000,
        2.00000000,
        2.00000000,
        2.00000000,
        2.00000000,
        2.00000000,
        2.00000000,
        2.00000000,
        2.00000000,
        2.00000000,
        2.00000000,
        2.00000000,
        2.00000000,
        2.00000000,
        2.00000000,
        2.00000000,
        2.00000000,
        0.00000000,
        0.00000000,
        0.00000000,
        0.00000000,
        0.00000000,
        0.00000000,
        0.00000000,
        0.00000000,
        0.00000000,
        0.00000000,
        0.00000000,
        0.00000000,
        0.00000000,
        0.00000000,
        0.00000000,
        0.00000000,
        0.00000000,
        0.00000000,
        0.00000000,
        0.00000000,
        0.00000000,
        0.00000000,
        0.00000000,
        0.00000000,
        0.00000000,
        0.00000000,
        0.00000000,
        0.00000000],